Beta_Window,Momentum_Window,Volatility_Window,Sharpe_Window,Selected_Assets,Validation_Return,Validation_Volatility,Validation_Sharpe,Parameter_Distance,Selected_Assets_Tuple
80,80,30,80,"['GOOG', 'AAPL', 'META']",0.08849513452786395,0.2713480895079497,2.2060813784461244,70,"('AAPL', 'GOOG', 'META')"
80,80,10,80,"['GOOG', 'AAPL', 'META']",0.08849513452786395,0.2713480895079497,2.2060813784461244,70,"('AAPL', 'GOOG', 'META')"
40,80,30,40,"['GOOG', 'AAPL', 'META']",0.08849513452786395,0.2713480895079497,2.2060813784461244,70,"('AAPL', 'GOOG', 'META')"
40,80,10,40,"['GOOG', 'AAPL', 'META']",0.08849513452786395,0.2713480895079497,2.2060813784461244,70,"('AAPL', 'GOOG', 'META')"
60,80,30,40,"['GOOG', 'AAPL', 'META']",0.08849513452786395,0.2713480895079497,2.2060813784461244,50,"('AAPL', 'GOOG', 'META')"
60,80,10,40,"['GOOG', 'AAPL', 'META']",0.08849513452786395,0.2713480895079497,2.2060813784461244,50,"('AAPL', 'GOOG', 'META')"
60,80,10,80,"['GOOG', 'META', 'AAPL']",0.08849513452786395,0.2713480895079497,2.206081378446124,50,"('AAPL', 'GOOG', 'META')"
60,80,20,40,"['GOOG', 'META', 'AAPL']",0.08849513452786395,0.2713480895079497,2.206081378446124,40,"('AAPL', 'GOOG', 'META')"
60,80,10,60,"['GOOG', 'META', 'AAPL']",0.08849513452786395,0.2713480895079497,2.206081378446124,30,"('AAPL', 'GOOG', 'META')"
60,80,20,60,"['GOOG', 'META', 'AAPL']",0.08849513452786395,0.2713480895079497,2.206081378446124,20,"('AAPL', 'GOOG', 'META')"
60,80,20,80,"['GOOG', 'META', 'AAPL']",0.08849513452786395,0.2713480895079497,2.206081378446124,40,"('AAPL', 'GOOG', 'META')"
80,40,30,40,"['AAPL', 'META', 'GOOG']",0.08849513452786373,0.2713480895079497,2.206081378446124,70,"('AAPL', 'GOOG', 'META')"
60,80,30,60,"['GOOG', 'META', 'AAPL']",0.08849513452786395,0.2713480895079497,2.206081378446124,30,"('AAPL', 'GOOG', 'META')"
60,80,30,80,"['GOOG', 'META', 'AAPL']",0.08849513452786395,0.2713480895079497,2.206081378446124,50,"('AAPL', 'GOOG', 'META')"
80,40,10,40,"['AAPL', 'META', 'GOOG']",0.08849513452786373,0.2713480895079497,2.206081378446124,70,"('AAPL', 'GOOG', 'META')"
80,40,10,60,"['META', 'AAPL', 'GOOG']",0.08849513452786373,0.2713480895079497,2.206081378446124,50,"('AAPL', 'GOOG', 'META')"
80,40,10,80,"['AAPL', 'META', 'GOOG']",0.08849513452786373,0.2713480895079497,2.206081378446124,70,"('AAPL', 'GOOG', 'META')"
80,40,20,40,"['META', 'AAPL', 'GOOG']",0.08849513452786373,0.2713480895079497,2.206081378446124,60,"('AAPL', 'GOOG', 'META')"
80,40,20,60,"['META', 'AAPL', 'GOOG']",0.08849513452786373,0.2713480895079497,2.206081378446124,40,"('AAPL', 'GOOG', 'META')"
60,60,30,80,"['GOOG', 'META', 'AAPL']",0.08849513452786395,0.2713480895079497,2.206081378446124,30,"('AAPL', 'GOOG', 'META')"
80,40,20,80,"['META', 'GOOG', 'AAPL']",0.08849513452786373,0.2713480895079497,2.206081378446124,60,"('AAPL', 'GOOG', 'META')"
80,40,30,80,"['AAPL', 'META', 'GOOG']",0.08849513452786373,0.2713480895079497,2.206081378446124,70,"('AAPL', 'GOOG', 'META')"
80,40,30,60,"['META', 'AAPL', 'GOOG']",0.08849513452786373,0.2713480895079497,2.206081378446124,50,"('AAPL', 'GOOG', 'META')"
80,60,30,80,"['GOOG', 'META', 'AAPL']",0.08849513452786395,0.2713480895079497,2.206081378446124,50,"('AAPL', 'GOOG', 'META')"
80,80,30,60,"['GOOG', 'META', 'AAPL']",0.08849513452786395,0.2713480895079497,2.206081378446124,50,"('AAPL', 'GOOG', 'META')"
80,80,30,40,"['AAPL', 'META', 'GOOG']",0.08849513452786373,0.2713480895079497,2.206081378446124,70,"('AAPL', 'GOOG', 'META')"
80,80,20,80,"['GOOG', 'META', 'AAPL']",0.08849513452786395,0.2713480895079497,2.206081378446124,60,"('AAPL', 'GOOG', 'META')"
80,80,20,60,"['META', 'GOOG', 'AAPL']",0.08849513452786373,0.2713480895079497,2.206081378446124,40,"('AAPL', 'GOOG', 'META')"
80,80,20,40,"['META', 'AAPL', 'GOOG']",0.08849513452786373,0.2713480895079497,2.206081378446124,60,"('AAPL', 'GOOG', 'META')"
80,80,10,60,"['GOOG', 'META', 'AAPL']",0.08849513452786395,0.2713480895079497,2.206081378446124,50,"('AAPL', 'GOOG', 'META')"
80,80,10,40,"['AAPL', 'META', 'GOOG']",0.08849513452786373,0.2713480895079497,2.206081378446124,70,"('AAPL', 'GOOG', 'META')"
80,60,30,60,"['META', 'AAPL', 'GOOG']",0.08849513452786373,0.2713480895079497,2.206081378446124,30,"('AAPL', 'GOOG', 'META')"
60,60,30,40,"['GOOG', 'META', 'AAPL']",0.08849513452786395,0.2713480895079497,2.206081378446124,30,"('AAPL', 'GOOG', 'META')"
80,60,30,40,"['META', 'AAPL', 'GOOG']",0.08849513452786373,0.2713480895079497,2.206081378446124,50,"('AAPL', 'GOOG', 'META')"
80,60,20,80,"['META', 'GOOG', 'AAPL']",0.08849513452786373,0.2713480895079497,2.206081378446124,40,"('AAPL', 'GOOG', 'META')"
80,60,20,60,"['META', 'GOOG', 'AAPL']",0.08849513452786373,0.2713480895079497,2.206081378446124,20,"('AAPL', 'GOOG', 'META')"
80,60,20,40,"['META', 'AAPL', 'GOOG']",0.08849513452786373,0.2713480895079497,2.206081378446124,40,"('AAPL', 'GOOG', 'META')"
80,60,10,80,"['GOOG', 'META', 'AAPL']",0.08849513452786395,0.2713480895079497,2.206081378446124,50,"('AAPL', 'GOOG', 'META')"
80,60,10,60,"['META', 'AAPL', 'GOOG']",0.08849513452786373,0.2713480895079497,2.206081378446124,30,"('AAPL', 'GOOG', 'META')"
80,60,10,40,"['META', 'AAPL', 'GOOG']",0.08849513452786373,0.2713480895079497,2.206081378446124,50,"('AAPL', 'GOOG', 'META')"
60,60,30,60,"['GOOG', 'META', 'AAPL']",0.08849513452786395,0.2713480895079497,2.206081378446124,10,"('AAPL', 'GOOG', 'META')"
40,40,10,40,"['AAPL', 'META', 'GOOG']",0.08849513452786373,0.2713480895079497,2.206081378446124,70,"('AAPL', 'GOOG', 'META')"
40,80,20,40,"['GOOG', 'META', 'AAPL']",0.08849513452786395,0.2713480895079497,2.206081378446124,60,"('AAPL', 'GOOG', 'META')"
40,40,20,40,"['META', 'GOOG', 'AAPL']",0.08849513452786373,0.2713480895079497,2.206081378446124,60,"('AAPL', 'GOOG', 'META')"
40,80,10,80,"['GOOG', 'META', 'AAPL']",0.08849513452786395,0.2713480895079497,2.206081378446124,70,"('AAPL', 'GOOG', 'META')"
40,80,10,60,"['GOOG', 'META', 'AAPL']",0.08849513452786395,0.2713480895079497,2.206081378446124,50,"('AAPL', 'GOOG', 'META')"
40,60,30,80,"['GOOG', 'META', 'AAPL']",0.08849513452786395,0.2713480895079497,2.206081378446124,50,"('AAPL', 'GOOG', 'META')"
40,60,30,60,"['GOOG', 'META', 'AAPL']",0.08849513452786395,0.2713480895079497,2.206081378446124,30,"('AAPL', 'GOOG', 'META')"
40,60,30,40,"['GOOG', 'META', 'AAPL']",0.08849513452786395,0.2713480895079497,2.206081378446124,50,"('AAPL', 'GOOG', 'META')"
40,40,10,80,"['GOOG', 'META', 'AAPL']",0.08849513452786395,0.2713480895079497,2.206081378446124,70,"('AAPL', 'GOOG', 'META')"
40,60,20,40,"['META', 'GOOG', 'AAPL']",0.08849513452786373,0.2713480895079497,2.206081378446124,40,"('AAPL', 'GOOG', 'META')"
40,80,20,60,"['GOOG', 'META', 'AAPL']",0.08849513452786395,0.2713480895079497,2.206081378446124,40,"('AAPL', 'GOOG', 'META')"
40,60,10,80,"['GOOG', 'META', 'AAPL']",0.08849513452786395,0.2713480895079497,2.206081378446124,50,"('AAPL', 'GOOG', 'META')"
40,60,10,60,"['GOOG', 'META', 'AAPL']",0.08849513452786395,0.2713480895079497,2.206081378446124,30,"('AAPL', 'GOOG', 'META')"
40,60,10,40,"['GOOG', 'META', 'AAPL']",0.08849513452786395,0.2713480895079497,2.206081378446124,50,"('AAPL', 'GOOG', 'META')"
40,40,30,80,"['GOOG', 'META', 'AAPL']",0.08849513452786395,0.2713480895079497,2.206081378446124,70,"('AAPL', 'GOOG', 'META')"
40,40,30,60,"['GOOG', 'META', 'AAPL']",0.08849513452786395,0.2713480895079497,2.206081378446124,50,"('AAPL', 'GOOG', 'META')"
40,40,30,40,"['AAPL', 'META', 'GOOG']",0.08849513452786373,0.2713480895079497,2.206081378446124,70,"('AAPL', 'GOOG', 'META')"
40,40,10,60,"['GOOG', 'META', 'AAPL']",0.08849513452786395,0.2713480895079497,2.206081378446124,50,"('AAPL', 'GOOG', 'META')"
40,80,20,80,"['GOOG', 'META', 'AAPL']",0.08849513452786395,0.2713480895079497,2.206081378446124,60,"('AAPL', 'GOOG', 'META')"
40,40,20,60,"['META', 'GOOG', 'AAPL']",0.08849513452786373,0.2713480895079497,2.206081378446124,40,"('AAPL', 'GOOG', 'META')"
60,40,30,40,"['AAPL', 'META', 'GOOG']",0.08849513452786373,0.2713480895079497,2.206081378446124,50,"('AAPL', 'GOOG', 'META')"
60,60,20,40,"['META', 'GOOG', 'AAPL']",0.08849513452786373,0.2713480895079497,2.206081378446124,20,"('AAPL', 'GOOG', 'META')"
60,60,10,80,"['GOOG', 'META', 'AAPL']",0.08849513452786395,0.2713480895079497,2.206081378446124,30,"('AAPL', 'GOOG', 'META')"
60,60,10,60,"['GOOG', 'META', 'AAPL']",0.08849513452786395,0.2713480895079497,2.206081378446124,10,"('AAPL', 'GOOG', 'META')"
60,60,10,40,"['GOOG', 'META', 'AAPL']",0.08849513452786395,0.2713480895079497,2.206081378446124,30,"('AAPL', 'GOOG', 'META')"
60,40,30,80,"['GOOG', 'META', 'AAPL']",0.08849513452786395,0.2713480895079497,2.206081378446124,50,"('AAPL', 'GOOG', 'META')"
60,40,30,60,"['GOOG', 'META', 'AAPL']",0.08849513452786395,0.2713480895079497,2.206081378446124,30,"('AAPL', 'GOOG', 'META')"
60,40,20,80,"['GOOG', 'META', 'AAPL']",0.08849513452786395,0.2713480895079497,2.206081378446124,40,"('AAPL', 'GOOG', 'META')"
40,80,30,60,"['GOOG', 'META', 'AAPL']",0.08849513452786395,0.2713480895079497,2.206081378446124,50,"('AAPL', 'GOOG', 'META')"
60,40,20,60,"['META', 'GOOG', 'AAPL']",0.08849513452786373,0.2713480895079497,2.206081378446124,20,"('AAPL', 'GOOG', 'META')"
60,40,20,40,"['META', 'GOOG', 'AAPL']",0.08849513452786373,0.2713480895079497,2.206081378446124,40,"('AAPL', 'GOOG', 'META')"
60,40,10,80,"['GOOG', 'META', 'AAPL']",0.08849513452786395,0.2713480895079497,2.206081378446124,50,"('AAPL', 'GOOG', 'META')"
60,40,10,60,"['GOOG', 'META', 'AAPL']",0.08849513452786395,0.2713480895079497,2.206081378446124,30,"('AAPL', 'GOOG', 'META')"
60,40,10,40,"['AAPL', 'META', 'GOOG']",0.08849513452786373,0.2713480895079497,2.206081378446124,50,"('AAPL', 'GOOG', 'META')"
40,80,30,80,"['GOOG', 'META', 'AAPL']",0.08849513452786395,0.2713480895079497,2.206081378446124,70,"('AAPL', 'GOOG', 'META')"
40,40,20,80,"['GOOG', 'META', 'AAPL']",0.08849513452786395,0.2713480895079497,2.206081378446124,60,"('AAPL', 'GOOG', 'META')"
60,60,20,60,"['GOOG', 'META', 'NVDA']",0.09070035568765067,0.32353618848537985,1.9384160104262365,0,"('GOOG', 'META', 'NVDA')"
40,60,20,60,"['GOOG', 'META', 'NVDA']",0.09070035568765067,0.32353618848537985,1.9384160104262365,20,"('GOOG', 'META', 'NVDA')"
40,60,20,80,"['GOOG', 'META', 'MSFT']",0.0658127136706419,0.2946056560206606,1.5789896675737947,40,"('GOOG', 'META', 'MSFT')"
60,60,20,80,"['GOOG', 'META', 'MSFT']",0.0658127136706419,0.2946056560206606,1.5789896675737947,20,"('GOOG', 'META', 'MSFT')"
